state0,state1,reward
3,3,-305.026
3,4,-257.167
3,5,-209.0175
3,7,-112.4925
3,10,-1.6561500000000002
3,13,-107.0635
3,18,-207.136
3,25,-281.4145
3,34,-332.46899999999994
3,47,-371.8195
3,63,-397.784
3,86,-418.4975
3,117,-433.2385
3,159,-443.999
3,216,-452.306
3,294,-458.639
3,399,-463.5995
3,542,-467.3805
3,736,-470.559
3,999,-473.2335
4,3,-341.95300000000003
4,4,-303.939
4,5,-265.678
4,7,-189.0025
4,10,-74.031
4,13,-9.182299999999998
4,18,-135.227
4,25,-228.66
4,34,-293.065
4,47,-342.576
4,63,-375.212
4,86,-401.317
4,117,-419.807
4,159,-433.394
4,216,-443.8355
4,294,-451.772
4,399,-458.039
4,542,-462.795
4,736,-466.7985
4,999,-470.171
6,3,-383.0225
6,4,-355.95
6,5,-328.73350000000005
6,7,-274.223
6,10,-192.412
6,13,-110.9765
6,18,58.3635
6,25,-124.6975
6,34,-215.1435
6,47,-284.849
6,63,-330.6905
6,86,-367.225
6,117,-393.22
6,159,-412.429
6,216,-427.091
6,294,-438.138
6,399,-447.0195
6,542,-453.6955
6,736,-459.332
6,999,-464.093
7,3,-395.6235
7,4,-371.92
7,5,-348.0475
7,7,-300.218
7,10,-228.6395
7,13,-157.3775
7,18,-39.5335
7,25,-73.66799999999999
7,34,-176.6865
7,47,-256.279
7,63,-308.7115
7,86,-350.31
7,117,-380.097
7,159,-402.1035
7,216,-418.8095
7,294,-431.3795
7,399,-441.5565
7,542,-449.184
7,736,-455.6295
7,999,-461.07950000000005
10,3,-419.1645
10,4,-401.731
10,5,-384.216
10,7,-349.161
10,10,-296.6575
10,13,-244.3265
10,18,-158.11499999999998
10,25,-39.414
10,34,-63.93299999999999
10,47,-172.33350000000002
10,63,-244.4175
10,86,-300.59950000000003
10,117,-341.4505
10,159,-371.6365
10,216,-394.4155
10,294,-411.3145
10,399,-425.4015
10,542,-435.7975
10,736,-444.631
10,999,-452.1335
12,3,-428.6535
12,4,-413.7415
12,5,-398.7625
12,7,-368.7935
12,10,-324.016
12,13,-279.5095
12,18,-205.984
12,25,-104.6915
12,34,27.6716
12,47,-118.03300000000002
12,63,-202.923
12,86,-268.1165
12,117,-316.32800000000003
12,159,-351.856
12,216,-378.471
12,294,-398.1475
12,399,-414.789
12,542,-426.9915
12,736,-437.3845
12,999,-446.2465
16,3,-440.7705
16,4,-429.1
16,5,-417.386
16,7,-393.985
16,10,-358.906
16,13,-324.028
16,18,-266.6685
16,25,-188.226
16,34,-89.92150000000001
16,47,-14.200200000000002
16,63,-122.2775
16,86,-205.9395
16,117,-267.401
16,159,-313.72950000000003
16,216,-347.59900000000005
16,294,-372.343
16,399,-394.009
16,542,-409.686
16,736,-423.114
16,999,-434.6395
20,3,-448.18
20,4,-438.4645
20,5,-428.7145
20,7,-409.2315
20,10,-380.141
20,13,-351.257
20,18,-303.75800000000004
20,25,-238.898
20,34,-157.5845
20,47,-45.261
20,63,-45.122
20,86,-146.296
20,117,-220.2675
20,159,-276.3865
20,216,-317.1545
20,294,-347.296
20,399,-373.895
20,542,-392.7935
20,736,-409.1435
20,999,-423.2485
26,3,-454.991
26,4,-447.0905
26,5,-439.1675
26,7,-423.3575
26,10,-399.838
26,13,-376.619
26,18,-338.601
26,25,-286.282
26,34,-220.6855
26,47,-130.81
26,63,-27.5611
26,86,-64.257
26,117,-155.432
26,159,-223.4245
26,216,-273.45500000000004
26,294,-311.35800000000006
26,399,-344.956
26,542,-368.3795
26,736,-388.8175
26,999,-406.5275
33,3,-459.98800000000006
33,4,-453.414
33,5,-446.8185
33,7,-433.663
33,10,-414.1115
33,13,-394.8155
33,18,-363.182
33,25,-319.38899999999995
33,34,-265.029
33,47,-191.3135
33,63,-107.186
33,86,8.7414
33,117,-85.458
33,159,-165.256
33,216,-226.256
33,294,-272.1885
33,399,-312.262
33,542,-341.144
33,736,-366.0465
33,999,-387.3250000000001
43,3,-464.351
43,4,-458.91
43,5,-453.449
43,7,-442.549
43,10,-426.3245
43,13,-410.292
43,18,-384.0215
43,25,-348.2115
43,34,-303.7765
43,47,-243.344
43,63,-174.73600000000002
43,86,-87.187
43,117,6.17995
43,159,-93.499
43,216,-165.453
43,294,-221.16700000000003
43,399,-268.691
43,542,-305.084
43,736,-335.6435
43,999,-361.0635
54,3,-467.398
54,4,-462.7845
54,5,-458.13
54,7,-448.8365
54,10,-434.981
54,13,-421.24
54,18,-398.705
54,25,-367.9525
54,34,-329.9975
54,47,-278.4675
54,63,-219.9115
54,86,-143.648
54,117,-49.56100000000001
54,159,-19.93005
54,216,-106.9055
54,294,-171.0615
54,399,-225.055
54,542,-270.132
54,736,-304.946
54,999,-333.7925
70,3,-470.1355
70,4,-466.2385
70,5,-462.3305
70,7,-454.504
70,10,-442.7935
70,13,-431.188
70,18,-412.1235
70,25,-386.142
70,34,-353.9385
70,47,-309.932
70,63,-260.2645
70,86,-196.5055
70,117,-119.3095
70,159,-27.41735
70,216,-34.12535
70,294,-112.314
70,399,-168.5285
70,542,-222.156
70,736,-265.21000000000004
70,999,-296.802
89,3,-472.0175
89,4,-468.6
89,5,-465.1665
89,7,-458.31000000000006
89,10,-448.1065
89,13,-438.0295
89,18,-421.5525
89,25,-399.0495
89,34,-371.3255
89,47,-333.628
89,63,-291.0805
89,86,-237.7975
89,117,-168.127
89,159,-92.2725
89,216,-5.194849999999999
89,294,-48.529
89,399,-113.35649999999998
89,542,-171.197
89,736,-220.032
89,999,-258.217
113,3,-473.6885
113,4,-470.7215
113,5,-467.738
113,7,-461.783
113,10,-452.9345
113,13,-444.21
113,18,-429.9695
113,25,-410.6835
113,34,-387.005
113,47,-355.12949999999995
113,63,-317.332
113,86,-266.18600000000004
113,117,-207.547
113,159,-144.721
113,216,-69.581
113,294,2.130815
113,399,-58.819500000000005
113,542,-119.027
113,736,-174.1835
113,999,-215.968
144,3,-475.2475
144,4,-472.6705
144,5,-470.076
144,7,-464.8815
144,10,-457.12
144,13,-449.4205
144,18,-436.7565
144,25,-419.4115
144,34,-397.8985
144,47,-368.524
144,63,-335.2445
144,86,-292.372
144,117,-244.582
144,159,-184.554
144,216,-118.262
144,294,-54.349
144,399,-0.9827999999999992
144,542,-64.4395
144,736,-116.9445
144,999,-169.65499999999997
184,3,-476.5325
184,4,-474.324
184,5,-472.0905
184,7,-467.6235
184,10,-460.9705
184,13,-454.3915
184,18,-443.625
184,25,-428.953
184,34,-410.831
184,47,-385.9135
184,63,-354.9465
184,86,-314.608
184,117,-267.741
184,159,-217.259
184,216,-166.7775
184,294,-95.5605
184,399,-40.0085
184,542,-3.89165
184,736,-65.7155
184,999,-124.1175
235,3,-477.508
235,4,-475.56
235,5,-473.5825
235,7,-469.6185
235,10,-463.7025
235,13,-457.8395
235,18,-448.2125
235,25,-435.053
235,34,-418.7105
235,47,-396.305
235,63,-370.7345
235,86,-337.66150000000005
235,117,-296.8765
235,159,-245.78250000000003
235,216,-193.1645
235,294,-146.88549999999998
235,399,-78.767
235,542,-19.3906
235,736,-20.7858
235,999,-78.771
299,3,-478.44
299,4,-476.7395
299,5,-475.0075
299,7,-471.527
299,10,-466.3185
299,13,-461.1455
299,18,-452.6195
299,25,-440.9185
299,34,-426.3015
299,47,-406.088
299,63,-382.84
299,86,-352.491
299,117,-317.1335
299,159,-278.92
299,216,-224.0375
299,294,-172.2995
299,399,-127.5075
299,542,-65.8945
299,736,-8.28595
299,999,-23.46965
50,50,-257.157
21,115,-205.846
116,247,-37.625
29,68,-36.699
6,514,-452.6135
11,354,-415.234
49,51,-248.85950000000005
48,52,-240.5045
47,53,-232.55400000000003
46,54,-224.3705
45,55,-215.9825
44,56,-208.4115
43,57,-200.587
42,58,-190.339
41,59,-179.5725
40,60,-169.7185
39,61,-159.7715
38,62,-149.6355
37,63,-137.8525
36,64,-125.35500000000002
35,63,-122.0585
50,469,-264.844
49,49,-257.207
51,49,-263.25600000000003
50,96,-90.426
49,97,-82.577
48,98,-74.737
38,247,-221.4245
37,248,-227.4855
36,249,-232.903
35,250,-239.402
31,46,-183.5015
30,47,-169.02
29,48,-154.221
28,49,-139.45
27,50,-121.8005
26,51,-104.1365
25,52,-84.79150000000001
53,34,-328.04650000000004
52,35,-321.933
51,36,-315.86150000000004
50,37,-309.8175
49,38,-303.4015
48,39,-296.6685
47,40,-288.46250000000003
46,41,-280.6785
45,42,-272.5095
44,43,-264.8845
43,44,-256.8525
42,45,-249.145
41,46,-240.298
40,47,-229.9885
39,48,-220.379
38,49,-210.4995
37,50,-200.6215
36,51,-190.553
35,52,-177.945
34,53,-165.32299999999998
33,54,-153.844
32,55,-141.25
31,56,-125.2105
22,13,-361.2325
21,14,-347.63750000000005
20,15,-332.1535
48,4,-460.7045
49,3,-466.025
50,3,-466.2895
51,3,-466.5605
52,3,-466.839
53,3,-467.1255
55,3,-467.5635
56,3,-467.729
57,3,-467.8945
19,13,-345.7665
18,12,-349.579
17,11,-353.9825
15,9,-364.235
3,12,-77.48049999999999
3,14,-132.5815
3,15,-154.803
3,16,-174.33700000000002
3,17,-191.67200000000005
3,19,-221.0385
130,40,-378.65
129,41,-375.948
129,42,-373.566
130,43,-371.696
130,44,-369.384
131,45,-367.489
131,46,-365.282
132,47,-363.35
132,48,-361.2055
133,49,-359.4245
133,50,-357.082
134,51,-355.466
134,52,-353.30800000000005
135,53,-351.4825
7,6,-324.1365
5,4,-334.47650000000004
244,87,-338.666
245,86,-340.29150000000004
246,85,-341.8785
247,84,-343.395
248,83,-344.8465
12,295,-398.356
13,296,-392.1085
14,297,-385.906
15,298,-379.7735
16,299,-373.638
17,300,-367.7395
18,301,-361.809
19,302,-355.93600000000004
19,303,-356.2525
19,304,-356.566
19,305,-356.877
19,306,-357.185
19,307,-357.4905
19,308,-357.793
19,309,-358.0935
19,310,-358.391
19,311,-358.68600000000004
19,312,-358.9785
19,313,-359.2685
19,314,-359.5565
19,315,-359.8415
19,316,-360.1245
19,317,-360.405
19,318,-360.6835
86,154,-93.85
85,155,-89.7635
109,6,-464.4
110,5,-467.5085
111,4,-470.5945
112,3,-473.6375000000001
4,15,-69.33
3,20,-233.556
3,21,-244.945
3,22,-255.2595
3,23,-264.7235
3,24,-273.41200000000003
3,26,-288.802
4,27,-246.608
4,28,-254.67
4,29,-262.2625
4,30,-269.1095
4,31,-275.612
4,32,-281.922
4,33,-287.527
5,259,-441.0465
6,260,-433.7565
7,261,-426.5445
8,262,-419.4185
9,263,-412.3815
10,264,-405.437
11,265,-398.5495
12,266,-391.79
13,267,-385.055
14,268,-378.435
5,52,-328.355
6,53,-305.1025
7,54,-282.9005
7,55,-286.375
4,100,-411.252
19,6,-416.181
18,7,-402.3490000000001
17,8,-387.2565
16,9,-370.5975
15,8,-376.531
14,7,-383.1085000000001
13,6,-390.5245
11,4,-408.281
9,3,-412.9375
8,3,-405.247
5,3,-366.0665
35,22,-343.9725
34,23,-335.2975
51,51,-255.697
52,48,-269.603
53,47,-276.031
54,46,-282.123
172,3,-476.2585
171,3,-476.235
170,3,-476.211
169,3,-476.1865
168,3,-476.1625
167,3,-476.138
166,3,-476.1135
165,3,-476.0885
164,3,-476.0635
45,69,-160.46099999999998
46,68,-168.5195
47,67,-176.4605
48,66,-184.288
49,65,-192.784
50,64,-201.603
51,63,-210.294
52,62,-217.736
53,61,-223.668
54,60,-230.369
55,59,-236.813
56,58,-243.0175
16,803,-426.6105
17,802,-423.2255
18,801,-419.872
19,800,-416.5215
20,799,-413.1710000000001
21,798,-409.8335
22,797,-406.5435
23,796,-403.2315
24,795,-399.9145
25,794,-396.671
26,793,-393.4265
7,769,-456.471
6,768,-460.0465
5,767,-463.647
4,766,-467.274
3,765,-470.9235000000001
176,183,-188.9535
177,182,-190.1865
178,181,-191.401
179,180,-192.676
180,179,-194.5925
60,189,-43.4585
61,188,-37.0155
62,187,-30.328900000000004
63,186,-23.371900000000004
64,185,-16.58985
65,184,-9.4416
66,183,-1.880700000000001
67,182,3.69639
68,181,3.647675
69,180,3.659645
70,179,3.67354
71,178,-1.418050000000001
237,32,-422.5405
11,3,-424.3175
13,3,-432.346
14,3,-435.515
15,3,-438.2995
39,88,-44.534000000000006
40,87,-58.12700000000001
41,86,-68.7705
42,85,-79.2695
43,84,-89.8755
44,83,-100.578
4,392,-457.741
3,391,-463.3285
3,390,-463.2945
3,389,-463.26
3,388,-463.2255
3,387,-463.1905
3,386,-463.155
3,385,-463.12
3,384,-463.085
3,383,-463.05
3,382,-463.015
3,381,-462.979
49,61,-208.408
50,60,-216.827
51,59,-225.798
3,65,-400.2025
4,64,-376.7055
4,62,-373.7275
4,61,-372.2485
4,60,-370.638
4,59,-368.7725
4,58,-366.9255
4,57,-365.095
4,56,-363.2945
4,55,-361.497
4,54,-359.285
4,53,-357.06850000000003
5,51,-325.7645
5,50,-322.7785
5,49,-319.681
5,48,-316.62350000000004
5,47,-313.5965
5,46,-310.035
5,45,-306.4295
5,44,-302.8585
5,43,-298.928
5,42,-294.7505
5,41,-290.672
5,40,-286.1145
3,237,-454.222
3,236,-454.135
3,235,-454.0475
3,234,-453.9585
3,233,-453.869
3,232,-453.78100000000006
3,231,-453.6925
3,230,-453.603
3,229,-453.513
3,228,-453.422
3,227,-453.3305
3,226,-453.2395
3,225,-453.149
3,224,-453.057
3,223,-452.9645
3,222,-452.8715
3,221,-452.777
3,220,-452.684
3,219,-452.591
3,218,-452.497
3,217,-452.402
3,215,-452.209
3,214,-452.1135
3,213,-452.018
3,212,-451.9210000000001
3,211,-451.8235
19,58,-32.7873
20,57,-3.97795
21,56,14.85
22,55,-17.9193
107,647,-161.677
108,646,-159.8975
109,645,-158.0685
110,644,-156.186
111,643,-154.2455
112,642,-152.239
113,641,-150.1715
114,640,-148.034
115,639,-145.822
116,638,-143.5315
117,637,-141.3055
118,636,-139.099
119,635,-136.797
120,634,-134.3945
121,633,-131.88549999999998
122,632,-129.265
123,631,-126.525
4,16,-94.013
5,15,70.264
6,14,-84.01249999999999
8,12,-214.1475
9,11,-259.472
3,6,-160.7865
130,132,-204.555
131,131,-207.9595
132,130,-211.3065
51,586,-288.2765
52,585,-285.0485
53,584,-281.4535
54,583,-278.429
55,582,-275.654
56,581,-272.636
57,580,-269.334
58,579,-265.702
59,578,-262.8645
60,577,-260.217
61,576,-257.387
62,575,-254.3125
63,574,-250.975
64,573,-247.3365
65,572,-244.747
66,571,-242.1195
67,570,-239.2775
68,569,-236.267
69,568,-233.0405
70,567,-229.572
48,48,-257.11400000000003
47,47,-257.769
46,46,-258.4415
45,45,-259.1325
44,44,-260.23
43,43,-261.6015
42,42,-262.8935
41,41,-264.499
40,40,-264.7385
39,39,-264.959
38,38,-265.8825
235,8,-467.6415
236,8,-467.6795
237,8,-467.7185
238,8,-467.7565
239,8,-467.7945
240,8,-467.8325
241,8,-467.8695
21,83,-122.7335
20,82,-133.9855
19,81,-146.2165
18,80,-158.09650000000002
17,79,-169.923
16,78,-182.405
15,77,-195.764
14,76,-209.7055
13,75,-223.962
12,74,-238.8515
11,73,-254.2855
10,72,-270.428
9,71,-287.023
6,100,-381.1905
5,99,-395.3465
4,98,-409.881
3,97,-424.7805
3,96,-424.2165
3,95,-423.6525
3,94,-423.08
3,93,-422.503
3,92,-421.9315
3,91,-421.361
284,20,-448.231
285,19,-450.0255
286,18,-451.821
287,17,-453.614
288,16,-455.408
289,15,-457.1985
290,14,-458.991
291,13,-460.781
292,12,-462.56950000000006
293,11,-464.356
294,10,-466.14
295,9,-467.921
296,8,-469.7005
297,8,-469.7295
298,8,-469.7585
299,8,-469.7875
300,8,-469.817
6,50,-295.482
4,48,-345.1315
3,46,-369.6245
31,12,-396.883
30,11,-401.626
29,10,-406.7785
28,9,-412.101
27,8,-417.4545
26,8,-415.489
25,8,-413.534
24,8,-410.9795
23,9,-399.956
9,6,-355.4645
8,7,-320.3465
7,8,-276.316
6,9,-219.6495
5,10,-143.69
4,11,-35.8015
4,43,-330.5245
3,42,-359.521
3,41,-356.73299999999995
3,40,-353.857
3,39,-350.635
3,38,-347.4855
3,37,-343.96450000000004
3,36,-340.37300000000005
270,55,-389.601
269,54,-390.966
3,203,-451.025
3,202,-450.9245
3,201,-450.7795
3,200,-450.629
3,199,-450.477
3,198,-450.3245
3,197,-450.171
3,196,-450.0195
3,195,-449.867
3,194,-449.713
3,407,-463.863
3,406,-463.83
3,405,-463.7975
3,404,-463.7645
3,403,-463.7315
3,402,-463.699
3,401,-463.666
4,506,-461.7955
3,505,-466.563
3,504,-466.5395
250,6,-472.035
251,7,-470.148
252,8,-468.2725
253,8,-468.3085
254,8,-468.3440000000001
255,8,-468.379
256,8,-468.414
257,8,-468.4495
258,8,-468.4845
259,8,-468.519
260,8,-468.553
261,8,-468.5875
262,8,-468.622
263,8,-468.656
264,8,-468.69
265,8,-468.7235
266,8,-468.7575
267,8,-468.791
268,8,-468.8245
269,8,-468.8575
270,8,-468.89
271,8,-468.9235
272,8,-468.9565
273,8,-468.989
274,8,-469.021
275,8,-469.0535
276,8,-469.0855
277,8,-469.118
278,8,-469.1495
279,8,-469.181
280,8,-469.213
281,8,-469.2445
282,8,-469.276
13,4,-418.444
11,6,-376.0625
9,8,-316.986
8,9,-277.825
6,11,-165.19549999999998
5,12,-80.11850000000001
146,4,-472.798
147,5,-470.306
148,6,-467.835
36,11,-412.285
35,10,-416.919
34,9,-421.8715
33,8,-427.116
32,7,-432.6195
31,7,-431.1335
30,8,-422.658
29,8,-421.136
28,8,-419.5255
22,9,-396.8075
21,9,-393.538
20,9,-389.8315
19,9,-385.8445
18,10,-370.5945
17,10,-365.043
55,45,-288.542
56,44,-294.6775
57,43,-300.9175
58,42,-307.23
59,41,-313.478
60,40,-319.50449999999995
61,39,-324.374
62,38,-329.29200000000003
63,37,-334.189
64,36,-338.9895
14,4,-422.447
17,3,-443.0055
18,3,-444.8685
19,3,-446.581
21,3,-449.525
22,3,-450.872
23,3,-451.9965
24,3,-453.085
25,3,-454.141
15,11,-339.6375
17,9,-376.1385
18,8,-391.734
19,7,-406.042
20,6,-418.966
21,5,-430.8145
22,4,-441.868
27,3,-455.8785
28,3,-456.7525
29,3,-457.4165
30,3,-458.1
98,593,-164.603
99,592,-162.606
100,591,-160.621
101,590,-158.577
102,589,-156.464
103,588,-154.28699999999998
12,6,-383.7725
13,5,-404.4895
72,177,-6.512250000000002
73,176,-11.556549999999998
74,175,-16.72605
75,174,-21.9627
76,173,-27.279850000000003
77,172,-32.690200000000004
78,171,-38.2065
79,170,-43.842
80,169,-49.60849999999999
81,168,-55.518
82,167,-61.582
83,166,-67.1635
84,165,-69.032
85,164,-73.4155
86,163,-77.7365
87,162,-82.0035
88,161,-86.224
89,160,-90.482
90,159,-94.7185
91,158,-98.929
92,157,-103.125
93,156,-107.3125
94,155,-111.405
95,154,-115.59
96,153,-119.792
97,152,-124.0085
98,151,-128.2465
235,17,-450.121
236,16,-452.112
237,15,-454.099
238,14,-456.088
239,13,-458.076
240,12,-460.0605000000001
241,11,-462.045
242,10,-464.0265
243,9,-466.0055
244,8,-467.982
188,570,-7.826699999999999
87,13,-437.355
88,12,-441.058
89,11,-444.7355
90,10,-448.3850000000001
91,9,-452.0075
4,166,-434.8905
5,165,-424.4065
6,164,-413.925
7,163,-403.4495
8,162,-392.9935
9,161,-382.549
10,160,-372.074
11,159,-361.717
12,158,-351.3485
13,157,-341.0325
14,156,-330.3025
15,155,-319.66549999999995
16,154,-308.83899999999994
52,50,-262.0
53,49,-268.023
54,48,-274.582
55,47,-280.903
56,46,-286.9245
57,45,-293.386
58,44,-299.53
59,43,-305.972
60,42,-312.3085
61,41,-317.258
62,40,-322.1395
63,39,-327.0415
64,38,-331.8525
261,7,-470.46
262,6,-472.362
263,5,-474.2565
264,4,-476.137
265,4,-476.1555
266,4,-476.174
267,4,-476.192
268,4,-476.2105
269,4,-476.229
270,4,-476.247
271,4,-476.265
272,4,-476.283
273,4,-476.301
274,4,-476.319
275,5,-474.5205
276,5,-474.5415
277,5,-474.563
278,5,-474.584
40,19,-373.5195
41,18,-380.633
42,17,-387.585
43,16,-394.468
44,15,-401.265
45,14,-407.969
46,13,-413.977
47,12,-419.8005
48,11,-425.5455
49,10,-431.2095
50,9,-436.7895
51,8,-442.2855
52,7,-447.6845
53,6,-452.9665
55,4,-462.992
147,34,-398.9275
30,7,-429.719
7,14,-133.97899999999998
8,13,-193.0355
9,12,-240.408
11,55,-189.697
12,54,-161.169
22,397,-363.632
6,160,-412.726
8,158,-391.474
4,20,-168.4335
5,19,-84.97550000000001
7,17,-62.949
8,16,-130.33950000000002
9,15,-183.507
10,14,-226.9895
11,13,-263.3415
12,12,-294.294
13,11,-320.7615
14,10,-343.9275
4,12,89.4955
5,11,-111.762
5,13,-48.531000000000006
7,15,-109.977
98,73,-277.022
99,74,-275.7975
100,75,-274.533
159,19,-437.7495
158,20,-435.1395
6,908,-462.7275
7,907,-459.4975
8,906,-456.2825
9,905,-453.076
10,904,-449.8875000000001
11,903,-446.704
12,902,-443.5335
13,901,-440.378
14,900,-437.228
15,899,-434.073
16,898,-430.9385
17,897,-427.822
18,896,-424.7045
19,895,-421.611
20,894,-418.518
218,5,-473.128
217,6,-471.0355
216,7,-468.936
215,8,-466.831
214,9,-464.7225
7,217,-419.0015
8,218,-411.0325
9,219,-403.1645
10,220,-395.41600000000005
11,221,-387.7715
12,222,-380.2115
13,223,-372.746
14,224,-365.462
15,225,-358.3135
16,226,-351.138
17,227,-344.1675
18,228,-337.335
19,229,-330.59950000000003
20,230,-323.92049999999995
21,231,-317.24350000000004
22,232,-310.838
23,233,-304.6445
24,234,-298.311
25,235,-292.265
26,236,-286.3235
27,237,-280.28
28,238,-274.569
29,239,-268.8205
30,240,-262.969
31,241,-257.724
32,242,-251.9005
33,243,-246.91700000000003
20,8,-399.5255
136,42,-376.393
135,43,-373.643
134,44,-371.0395
133,45,-368.2815
236,105,-313.9225
235,106,-312.6415
234,107,-310.7675
233,108,-308.8475
232,109,-306.896
231,110,-304.8825
230,111,-302.8125
229,112,-300.688
228,113,-298.5015
227,114,-296.30600000000004
226,115,-294.558
225,116,-292.7725
104,7,-460.8595
5,164,-424.152
6,165,-414.219
7,166,-404.433
8,167,-394.8285
34,6,-441.1335
35,7,-435.745
36,8,-430.666
37,9,-425.9065
38,10,-421.219
39,11,-416.4875
40,12,-411.967
41,13,-407.6595
42,14,-403.5805
43,15,-399.721
44,16,-396.088
4,50,-350.3285
6,52,-302.093
7,53,-279.463
164,127,-242.71750000000003
163,128,-241.094
164,129,-240.523
164,130,-239.402
165,131,-238.819
165,132,-237.672
6,44,-272.365
32,146,-153.1465
33,147,-147.365
34,148,-141.455
35,149,-134.839
36,150,-127.583
37,151,-122.727
38,152,-117.4565
39,153,-111.6775
40,154,-105.29
41,155,-98.901
42,156,-94.6555
43,157,-90.127
44,158,-85.261
45,159,-79.9985
46,160,-74.22399999999999
47,161,-67.917
48,162,-63.9075
49,163,-60.25450000000001
5,71,-365.863
92,26,-397.7095
91,27,-394.022
90,28,-390.3105
89,29,-386.582
88,30,-382.8395
87,31,-379.0655
86,32,-375.263
85,33,-371.49
86,34,-369.18
87,35,-366.8165
88,36,-364.588
89,37,-362.354
90,38,-360.187
91,39,-358.048
92,40,-355.9875
93,41,-353.88750000000005
94,42,-351.971
95,43,-349.91100000000006
96,44,-348.0905
97,45,-346.23150000000004
98,46,-344.2695
99,47,-342.6425
100,48,-340.9225
8,260,-419.0755
9,261,-411.9855
5,857,-465.1925
6,856,-461.8155
7,855,-458.4485
8,854,-455.0955
9,853,-451.7525
10,852,-448.42
11,851,-445.0990000000001
12,850,-441.7875
13,849,-438.4795
14,848,-435.194
15,847,-431.911
16,846,-428.636
27,106,-117.0025
28,105,-103.8315
29,104,-88.904
30,103,-75.8515
31,102,-62.36
32,101,-47.1655
33,100,-34.47135
225,889,-62.662000000000006
226,888,-61.182500000000005
227,887,-59.6695
228,886,-58.1215
229,885,-56.539
230,884,-55.971500000000006
231,883,-55.4425
232,882,-54.9065
233,881,-54.3635
234,880,-53.813
235,879,-53.255
236,878,-52.68950000000001
5,694,-462.1865
141,3,-475.0945
142,4,-472.5435
56,29,-354.567
57,30,-352.40250000000003
58,31,-350.347
59,32,-347.87350000000004
60,33,-345.276
61,34,-342.61650000000003
62,35,-340.2325
63,36,-337.746
64,37,-335.481
65,38,-333.14250000000004
66,39,-331.074
67,40,-328.8375
68,41,-326.9295
69,42,-324.948
70,43,-323.02750000000003
71,44,-321.343
72,45,-319.54650000000004
73,46,-317.89
74,47,-316.45000000000005
75,48,-314.927
76,49,-313.38
22,182,-277.8245
23,181,-268.67650000000003
24,180,-260.235
25,179,-251.43849999999998
26,178,-242.78199999999998
27,177,-234.4985
28,176,-225.92600000000002
10,284,-409.4475
11,283,-402.4535
12,282,-395.507
13,281,-388.563
14,280,-381.6475
15,279,-374.72499999999997
16,278,-367.8225
17,277,-360.994
18,276,-354.19449999999995
237,76,-351.9715
238,75,-353.52750000000003
239,74,-355.346
240,73,-357.067
241,72,-358.6945
242,71,-360.24
243,70,-361.997
244,69,-363.74850000000004
245,68,-365.4
246,67,-366.9615
182,608,-35.014
183,609,-33.9732
184,610,-32.92925
185,611,-31.882149999999996
298,47,-405.95950000000005
299,46,-407.63
300,45,-409.231
300,44,-410.804
300,43,-412.32
45,34,-309.5185
46,35,-308.056
47,36,-306.57449999999994
48,37,-305.59849999999994
50,39,-301.448
51,40,-299.356
52,41,-297.47450000000003
53,42,-295.7085
54,43,-293.8125
55,44,-292.3465
5,8,-207.1405
8,6,-341.599
9,5,-374.6895
23,31,-216.8235
24,32,-218.78050000000002
25,33,-219.7045
27,35,-222.4475
10,28,34.37135
11,29,-13.6325
12,30,-33.95225
13,31,-51.158
14,32,-65.83
25,13,-373.252
26,12,-384.32349999999997
27,11,-394.625
28,10,-404.6985
16,258,-361.83950000000004
17,257,-354.57349999999997
18,256,-347.52099999999996
19,255,-340.4245
20,254,-333.3875
23,256,-314.3615
24,255,-307.67699999999996
25,254,-300.8645
26,253,-294.02750000000003
27,252,-287.621
48,678,-313.10200000000003
49,677,-310.062
50,676,-306.6845
51,675,-303.83500000000004
52,674,-301.042
53,673,-297.9735
54,672,-294.5795
55,671,-291.8035
56,670,-289.129
57,669,-286.29449999999997
58,668,-283.248
59,667,-279.984
60,666,-277.67
18,258,-348.18800000000005
19,257,-341.135
20,256,-334.125
21,255,-327.133
22,254,-320.101
23,253,-313.015
24,252,-306.35249999999996
25,251,-299.5985
26,250,-292.546
27,249,-286.24
28,248,-279.172
29,247,-272.94899999999996
30,246,-265.7985
30,109,-93.76849999999999
31,110,-87.307
32,111,-80.0205
33,112,-71.6865
34,113,-66.3745
35,114,-60.6195
36,115,-54.087500000000006
37,116,-46.330999999999996
38,117,-39.7965
39,118,-34.65705
40,119,-29.1111
41,120,-23.0901
42,121,-16.48685
43,122,-9.27645
44,123,-4.294650000000001
45,124,-0.10735000000000028
46,125,5.7377
47,126,5.62115
48,127,5.50415
49,128,5.43615
50,129,5.37855
51,130,-0.9003500000000013
24,97,-127.029
70,421,-178.8475
71,420,-175.25099999999998
72,419,-171.4255
73,418,-167.39149999999998
74,417,-163.34
75,416,-158.991
76,415,-155.9235
77,414,-153.3525
156,3,-475.8555
157,3,-475.88250000000005
158,3,-475.909
159,3,-475.935
160,3,-475.961
161,3,-475.987
162,3,-476.0125
163,3,-476.038
173,3,-476.2825
174,3,-476.30600000000004
4,40,-319.856
5,39,-281.398
6,38,-241.58000000000004
7,37,-199.954
8,38,-172.61700000000002
9,39,-147.27949999999998
10,40,-122.87100000000001
11,41,-100.14200000000001
12,42,-79.2285
13,43,-58.48049999999999
14,44,-39.6155
15,45,-22.12545
16,46,-5.638249999999999
45,25,-352.956
46,26,-350.578
47,27,-348.251
48,28,-345.257
49,29,-342.361
50,30,-339.601
6,255,-433.0515
7,254,-425.4365
8,253,-417.827
9,252,-410.2395
10,251,-402.662
11,250,-395.095
61,707,-282.057
62,706,-279.243
63,705,-277.022
64,704,-274.634
65,703,-272.056
66,702,-269.262
67,701,-266.2235
68,700,-263.6545
69,699,-261.528
70,698,-259.279
71,697,-256.808
72,696,-253.9685
17,26,-192.7665
18,27,-196.0335
19,28,-199.293
20,29,-202.8435
21,30,-204.524
22,31,-207.639
