design1,design2,merit1,merit2
599,619,5.10612,2.31658e-07
325,136,0.8644729999999999,7.51284e-07
306,145,0.979824,7.280920000000002e-07
8,322,26.1654,4.38489e-06
609,173,13.3197,5.74799e-07
6,109,51.4038,8.528860000000001e-06
136,840,12.8955,4.01285e-07
60,207,1.80782,1.09464e-06
11,19,32.1949,1.1036e-05
622,214,13.2309,4.83555e-07
4,35,55.5062,1.59049e-05
7,4,75.2529,5.09368e-05
43,84,10.958,2.18681e-06
85,19,55.9273,7.653660000000003e-06
43,3,84.2733,5.09514e-05
25,63,3.64569,3.16538e-06
4,624,18.0859,6.242080000000002e-06
403,119,3.23549,8.038320000000002e-07
50,853,18.6914,8.038600000000002e-07
119,28,44.7229,4.66702e-06
284,281,0.542199,4.66462e-07
14,14,54.8214,1.47105e-05
601,103,12.2585,8.78987e-07
51,6,76.17699999999998,2.67669e-05
53,92,12.2642,1.91179e-06
29,35,36.3401,5.291259999999999e-06
97,5,69.9311,2.56733e-05
153,13,49.2851,8.900510000000001e-06
117,40,38.51,3.30981e-06
166,3,66.2156,3.35681e-05
725,186,16.3834,5.33038e-07
674,81,14.6411,1.0778e-06
118,23,47.9838,5.6737699999999985e-06
8,620,5.081169999999998,3.397369999999999e-06
21,797,14.004,1.56839e-06
301,10,30.0062,8.85611e-06
13,198,28.5248,3.52542e-06
313,277,2.92846,4.63737e-07
541,55,7.13898,1.5099700000000004e-06
181,33,33.4577,3.40536e-06
16,197,24.3641,2.95648e-06
544,51,7.02194,1.61351e-06
3,5,44.1201,4.32088e-05
155,21,43.3653,5.5931600000000015e-06
28,298,7.30271,1.5769899999999996e-06
127,3,71.6151,3.63079e-05
426,135,5.27367,7.247459999999998e-07
52,137,3.0901400000000003,1.45971e-06
162,391,4.79064,4.972950000000001e-07
4,525,23.6211,6.53108e-06
78,503,8.9032,6.661279999999999e-07
70,6,72.9443,2.43726e-05
17,91,23.0769,3.66628e-06
6,88,52.5191,9.10693e-06
417,633,0.07387130000000001,2.54058e-07
448,30,3.5727800000000003,2.63728e-06
10,618,1.72773,2.80214e-06
18,58,8.34272,3.991090000000002e-06
62,42,39.6806,3.78328e-06
139,373,4.53172,5.41343e-07
12,95,34.8386,4.868e-06
62,10,68.5224,1.5723e-05
79,34,45.3089,4.39175e-06
7,318,28.7462,4.9403800000000005e-06
383,80,1.48132,1.12177e-06
162,227,3.89773,6.6682e-07
3,909,14.6061,8.50605e-06
27,3,85.9734,5.61754e-05
181,11,46.3168,9.74688e-06
133,6,61.3931,1.93616e-05
255,96,9.58175,1.10434e-06
614,402,9.271939999999999,3.051e-07
21,12,66.1822,1.64029e-05
66,12,65.5157,1.2958199999999999e-05
10,397,16.3239,3.3218699999999987e-06
363,7,27.844,1.26271e-05
706,64,15.3748,1.3250299999999998e-06
105,34,42.8941,4.02485e-06
162,76,20.671,1.6033799999999996e-06
35,6,78.2955,2.92791e-05
99,188,5.74418,9.20944e-07
24,95,11.8142,2.74883e-06
237,21,30.7776,4.72596e-06
24,765,14.0191,1.42069e-06
592,573,5.6849300000000005,2.43658e-07
305,307,1.7443799999999998,4.3356e-07
20,91,17.3687,3.21275e-06
142,74,22.684,1.71875e-06
67,569,11.2376,7.09824e-07
15,692,7.20891,2.0390900000000002e-06
10,91,39.8576,5.7795e-06
3,32,61.9487,2.0387799999999998e-05
48,79,15.4792,2.22565e-06
4,5,55.1352,4.28426e-05
11,261,26.2664,3.63983e-06
629,416,9.39087,2.96861e-07
151,17,46.588,6.92414e-06
23,10,70.6877,1.9389e-05
631,9,2.41795,9.68416e-06
776,7,488.49300000000005,1.49881e-05
34,8,74.8248,2.25137e-05
512,8,12.4972,1.0875299999999999e-05
12,4,81.3763,4.89719e-05
9,6,70.7008,3.4792800000000003e-05
56,24,54.3286,6.82334e-06
3,67,67.1292,1.74347e-05
15,18,46.7482,1.1327e-05
24,15,62.0119,1.28817e-05
104,951,17.5121,4.65806e-07
11,7,70.4372,2.9652800000000002e-05
59,350,4.0221300000000015,8.90005e-07
155,889,13.1537,3.6467700000000003e-07
86,14,60.2343,1.02649e-05
30,22,53.6811,8.437610000000001e-06
97,13,59.2791,1.05756e-05
44,285,1.0519,1.14322e-06
10,232,30.5554,4.1469e-06
285,15,27.5907,6.05582e-06
15,714,8.08341,2.03631e-06
109,129,10.5043,1.1562399999999999e-06
291,86,8.3038,1.15992e-06
4,326,38.0268,7.81722e-06
174,30,35.7612,3.79165e-06
55,139,3.2795900000000002,1.4088e-06
10,4,79.8563,4.97299e-05
8,51,40.2619,8.15441e-06
3,696,22.3581,8.153639999999999e-06
85,14,60.4082,1.03056e-05
101,55,32.2344,2.53732e-06
14,296,18.9856,2.8081099999999997e-06
3,335,43.4187,9.75155e-06
22,4,83.3879,4.56196e-05
113,689,11.3123,4.773230000000001e-07
10,25,8.77476,8.46576e-06
5,4,68.6141,5.17931e-05
3,709,21.8128,8.165900000000001e-06
58,17,61.1793,9.55606e-06
54,12,67.215,1.37092e-05
100,26,48.6464,5.32898e-06
8,22,2.91495,9.78172e-06
3,678,23.13300000000001,8.14094e-06
3,434,36.268,8.83837e-06
6,639,8.97523,4.318630000000002e-06
359,493,1.9101599999999999,3.1042500000000003e-07
87,113,12.7681,1.38924e-06
22,22,48.6193,8.82769e-06
66,283,2.75673,9.04574e-07
630,293,12.3341,3.82338e-07
171,4,60.5648,2.57099e-05
423,3,372.07300000000004,3.3408e-05
151,6,58.273,1.84472e-05
79,402,6.42347,7.161870000000002e-07
46,465,6.67904,9.56611e-07
12,12,56.4556,1.74123e-05
750,959,2.88896,1.7040600000000002e-07
112,178,6.46485,9.09801e-07
62,490,8.4224,7.750749999999998e-07
4,12,1.8395,1.8539e-05
4,26,46.8081,1.66839e-05
64,565,10.6144,7.29809e-07
91,5,71.0159,2.62667e-05
7,5,70.3368,4.1785299999999994e-05
874,5,100.0,0.0
52,7,74.3539,2.31103e-05
225,717,7.22554,3.21525e-07
26,114,12.1843,2.4243000000000002e-06
296,394,1.54185,3.7778e-07
9,20,18.0598,1.06531e-05
643,47,11.9094,1.73963e-06
529,4,399.765,2.63416e-05
695,8,591.048,1.17524e-05
4,6,47.4159,3.62347e-05
3,172,58.0608,1.276e-05
4,3,70.6087,6.65861e-05
148,140,9.52346,9.73235e-07
71,190,3.35192,1.05993e-06
5,11,23.9442,2.0038e-05
23,76,7.4554800000000006,3.04911e-06
42,872,19.2263,9.16136e-07
108,16,54.7512,8.332689999999997e-06
421,97,3.01753,9.4244e-07
176,10,48.2053,1.07855e-05
37,67,15.0905,2.7341500000000003e-06
82,41,40.4085,3.6031099999999997e-06
767,123,17.8967,7.49286e-07
68,9,68.8268,1.68959e-05
31,147,9.55225,1.93557e-06
18,484,1.48661,1.85176e-06
222,33,27.8232,3.14795e-06
15,5,79.7317,3.93162e-05
181,25,37.0672,4.45007e-06
238,4,51.5762,2.39832e-05
487,8,14.4498,1.08169e-05
6,80,52.7933,9.3589e-06
15,38,5.2772,5.4114e-06
894,26,18.8195,3.1900999999999997e-06
27,198,12.5659,1.91473e-06
326,16,21.7918,5.409310000000002e-06
41,11,69.8023,1.5940699999999998e-05
420,560,2.68738,2.7434999999999997e-07
13,3,85.2658,6.19099e-05
767,57,17.265,1.4697700000000001e-06
8,7,64.1001,3.03415e-05
3,863,16.0843,8.41368e-06
303,660,2.9233,2.87542e-07
3,33,62.5177,2.02808e-05
92,789,15.4295,5.29281e-07
3,582,27.6694,8.18904e-06
103,118,12.5167,1.26201e-06
273,101,7.62033,1.02948e-06
3,4,53.8111,5.26894e-05
475,335,6.76846,3.64091e-07
9,46,32.6701,7.5323600000000015e-06
136,866,13.8571,4.0006900000000003e-07
25,51,14.22,3.79214e-06
61,443,7.017810000000001,8.07876e-07
28,6,78.773,3.05439e-05
3,13,24.2217,2.27919e-05
27,51,16.8848,3.7298400000000014e-06
4,124,57.7111,1.14736e-05
63,5,76.0537,2.96698e-05
43,16,63.1327,1.0898e-05
157,49,30.1719,2.45318e-06
58,19,59.1221,8.55496e-06
219,3,59.7297,3.18999e-05
76,3,79.3854,4.32305e-05
125,3,71.9077,3.64982e-05
173,733,9.81746,3.65178e-07
7,55,46.2169,9.00371e-06
638,7,556.073,1.3714000000000001e-05
5,13,11.534,1.69726e-05
14,4,82.2896,4.8247e-05
477,155,8.38289,6.42287e-07
8,473,14.2548,3.7564800000000002e-06
4,171,52.9166,1.01678e-05
265,378,0.022765900000000002,4.00543e-07
709,95,16.1748,9.37827e-07
15,550,0.105171,2.06132e-06
220,840,8.83607,3.02694e-07
316,5,38.5004,1.85555e-05
384,325,5.0396800000000015,3.94453e-07
9,52,36.209,7.3295000000000016e-06
232,26,29.2035,3.88582e-06
48,121,3.9839900000000004,1.6237799999999999e-06
11,16,41.3561,1.31304e-05
19,123,22.2219,3.0300099999999996e-06
4,89,60.6392,1.27808e-05
17,43,4.78989,4.7437800000000005e-06
754,818,3.6776800000000014,1.84148e-07
69,495,9.56007,7.25469e-07
51,87,13.2657,2.01913e-06
184,36,31.7851,3.1125900000000002e-06
60,25,53.2379,6.43676e-06
501,13,6.63783,6.01919e-06
27,261,9.91501,1.71348e-06
115,3,73.3819,3.7536e-05
22,8,74.4129,2.42108e-05
272,3,54.1084,3.14969e-05
167,756,10.548,3.70333e-07
89,224,4.3468,8.75599e-07
6,187,44.1314,7.00646e-06
15,320,15.8731,2.56322e-06
239,298,0.493321,4.79058e-07
179,4,59.4051,2.53871e-05
8,17,22.2195,1.26463e-05
785,616,8.48473,2.19339e-07
51,7,74.4822,2.32323e-05
32,15,64.0744,1.2310699999999999e-05
45,470,6.64142,9.68097e-07
79,3,78.9172,4.26822e-05
154,240,3.65012,6.60983e-07
81,4,75.2261,3.3245e-05
24,31,36.8076,6.15831e-06
7,71,48.7395,8.45507e-06
343,927,4.89486,2.33588e-07
362,9,24.3025,9.50598e-06
220,84,14.4072,1.31179e-06
82,72,24.5553,2.0819999999999997e-06
103,812,15.1011,4.85958e-07
39,270,3.4010300000000004,1.27573e-06
253,8,39.052,1.1688499999999995e-05
20,4,83.3446,4.62409e-05
14,662,5.067830000000002,2.15005e-06
224,315,0.6200899999999999,4.76525e-07
270,57,15.2991,1.7388099999999996e-06
4,421,30.5316,7.0649100000000014e-06
7,239,36.1843,5.56202e-06
7,6,65.45,3.53483e-05
90,260,3.72812,8.027290000000002e-07
855,657,8.19309,2.05276e-07
37,85,6.2782300000000015,2.26015e-06
3,9,5.58371,2.4814e-05
69,26,51.9339,5.967050000000002e-06
3,7,24.7777,3.16074e-05
127,5,64.5853,2.32401e-05
266,870,6.59362,2.7006e-07
9,11,51.2463,1.94078e-05
285,763,4.84315,2.77253e-07
73,243,2.89001,9.19724e-07
50,159,0.0418046,1.35606e-06
11,5,77.2187,4.04929e-05
312,48,12.9169,1.93605e-06
4,388,32.9989,7.29182e-06
6,10,39.4803,2.18326e-05
48,5,78.5214,3.2054e-05
8,5,72.8228,4.14495e-05
27,18,58.3121,1.05261e-05
18,406,6.625960000000001,1.98884e-06
4,4,62.8668,5.22383e-05
3,34,63.0543,2.01779e-05
54,33,46.2592,4.98313e-06
153,5,60.2066,2.17067e-05
63,508,9.33117,7.61887e-07
15,979,16.248,2.01638e-06
37,9,73.0088,1.97798e-05
62,407,6.49991,8.2318e-07
7,32,30.1821,1.00365e-05
85,21,54.2895,6.93572e-06
18,186,22.2166,2.73603e-06
415,3,375.565,3.32454e-05
733,38,14.9958,2.11757e-06
7,38,37.2142,9.72961e-06
301,156,0.49365,6.90548e-07
284,108,5.67214,9.57884e-07
744,23,13.1254,3.4705900000000017e-06
349,5,35.0982,1.85628e-05
11,188,32.7133,4.15568e-06
10,231,30.6053,4.1539300000000006e-06
81,100,15.4585,1.5653799999999995e-06
140,398,5.81419,5.28253e-07
118,28,44.8244,4.68061e-06
6,14,18.0993,1.56266e-05
60,889,19.4036,6.992969999999999e-07
680,745,4.3072,2.00735e-07
36,542,8.45772,1.09728e-06
14,63,23.0435,4.7907099999999996e-06
555,434,7.89191,2.97464e-07
15,9,69.0573,2.2638000000000002e-05
10,144,38.1654,4.98344e-06
56,28,50.7072,5.83769e-06
55,36,43.7665,4.54642e-06
104,158,7.446060000000001,1.01708e-06
212,6,48.6526,1.63989e-05
147,539,8.678230000000001,4.52421e-07
13,71,28.9107,4.9398000000000005e-06
795,180,17.9657,5.42979e-07
98,739,13.6642,5.133050000000001e-07
57,37,43.1113,4.38352e-06
19,12,65.0636,1.66113e-05
21,61,2.75382,3.4886900000000007e-06
21,11,68.0961,1.7877000000000002e-05
195,269,1.4590299999999998,5.53145e-07
177,564,7.148110000000001,4.02456e-07
29,7,76.8058,2.63048e-05
11,24,17.5299,8.729860000000001e-06
27,61,8.794089999999999,3.19723e-06
15,62,19.4327,4.54115e-06
3,752,20.0795,8.22026e-06
8,85,45.7638,7.16405e-06
5,5,62.1612,4.24804e-05
73,367,5.49129,7.74959e-07
4,104,59.5174,1.21774e-05
30,68,7.82952,2.8495599999999987e-06
642,17,6.0659,4.6001e-06
200,3,61.9477,3.23083e-05
5,16,6.1356699999999975,1.47071e-05
4,57,61.2745,1.4388e-05
277,10,33.086,9.0874e-06
759,249,16.1023,4.20768e-07
14,29,18.7221,7.05941e-06
9,4,78.7378,5.012270000000002e-05
3,6,34.4361,3.65407e-05
875,616,9.67122,2.13882e-07
717,75,16.0634,1.1523600000000001e-06
8,40,33.0056,8.581360000000001e-06
165,71,21.8103,1.6947e-06
22,23,46.9903,8.43738e-06
4,14,11.364,1.79506e-05
99,143,8.9719,1.11037e-06
3,267,49.1031,1.06854e-05
677,3,100.0,0.0
101,8,64.1293,1.64903e-05
45,670,14.0428,9.0388e-07
544,831,1.13615,2.0219300000000002e-07
22,249,14.5174,2.06163e-06
86,163,5.69532,1.0653200000000001e-06
539,3,333.021,3.71469e-05
14,71,25.9561,4.64022e-06
9,129,41.4899,5.6767599999999985e-06
239,18,32.0809,5.45559e-06
678,47,13.4552,1.74204e-06
32,570,8.93569,1.18426e-06
183,436,4.13177,4.43191e-07
482,10,11.5394,8.22395e-06
327,275,2.94194,4.579600000000001e-07
15,3,85.7571,6.09962e-05
31,3,85.6531,5.4759e-05
8,914,7.6063,3.2737200000000002e-06
234,716,7.0103100000000005,3.16183e-07
55,378,4.2070099999999995,9.02563e-07
926,257,18.7604,4.01235e-07
319,27,17.6926,3.3081400000000012e-06
6,12,28.6981,1.82268e-05
49,7,74.7831,2.3479499999999998e-05
127,124,11.7526,1.13312e-06
218,820,9.01693,3.08456e-07
396,588,0.410796,2.69788e-07
3,8,15.1568,2.78158e-05
864,696,8.28415,1.98783e-07
31,334,3.57406,1.38608e-06
14,35,6.55747,5.89871e-06
99,10,62.0235,1.3476300000000005e-05
4,62,61.5015,1.40998e-05
202,25,33.9993,4.26312e-06
113,3,73.6814,3.77617e-05
308,3,50.71,3.16401e-05
136,77,22.1147,1.6805200000000004e-06
174,88,16.8808,1.3662600000000001e-06
9,278,28.1183,4.21265e-06
35,881,19.0364,1.05086e-06
100,821,15.8621,4.94897e-07
3,215,53.8841,1.1669100000000001e-05
984,44,22.6581,1.88295e-06
14,10,65.3847,2.05671e-05
16,6,77.3761,3.30444e-05
8,529,10.5164,3.5994699999999996e-06
7,210,39.0481,5.86542e-06
31,709,13.81,1.17867e-06
6,4,72.5038,5.13599e-05
4,20,34.9402,1.72764e-05
698,829,3.53837,1.88289e-07
94,78,22.8435,1.8621200000000005e-06
38,23,54.5321,7.73875e-06
25,20,54.2117,9.56396e-06
17,109,24.9661,3.4643900000000017e-06
10,886,9.63572,2.7532299999999997e-06
20,181,20.2311,2.53148e-06
669,3,100.0,0.0
108,428,6.98474,5.87281e-07
52,19,59.5098,8.78694e-06
3,370,40.7434,9.37812e-06
7,365,24.7001,4.66953e-06
5,14,5.4345,1.57657e-05
128,293,4.78367,6.43379e-07
79,66,26.916,2.28648e-06
18,11,66.5409,1.82258e-05
52,541,9.97011,8.50244e-07
4,710,13.9445,6.14367e-06
6,21,14.3181,1.22065e-05
235,27,28.3816,3.7299300000000013e-06
7,288,31.5001,5.14766e-06
681,436,9.532639999999999,2.81243e-07
12,161,32.9134,4.08569e-06
642,6,486.444,1.69749e-05
129,82,20.8084,1.6131200000000004e-06
397,447,3.88329,3.18526e-07
71,22,55.107,6.9958399999999986e-06
3,61,67.2605,1.78532e-05
103,160,7.30853,1.01217e-06
764,59,17.2366,1.42535e-06
34,13,67.0288,1.40447e-05
3,40,65.2454,1.95856e-05
35,82,6.15889,2.36399e-06
111,5,67.4001,2.44357e-05
43,15,64.3631,1.16239e-05
4,8,32.0553,2.75867e-05
199,852,9.70622,3.18404e-07
40,197,4.2332800000000015,1.4295099999999999e-06
13,18,42.0179,1.14847e-05
8,666,2.61551,3.31409e-06
4,910,6.13914,6.260419999999997e-06
31,4,82.9126,4.304770000000001e-05
7,73,48.78100000000001,8.39475e-06
481,387,6.03178,3.28555e-07
24,648,9.95269,1.44108e-06
9,13,43.6162,1.64309e-05
515,12,6.4740699999999975,6.59988e-06
218,22,33.0391,4.6736000000000005e-06
48,162,0.0605707,1.37588e-06
39,10,71.3602,1.76762e-05
100,994,18.64,4.73821e-07
7,124,47.1636,7.1581399999999995e-06
243,16,32.7085,6.0634e-06
75,17,59.1128,8.88108e-06
87,291,4.20301,7.74114e-07
41,219,4.04932,1.34365e-06
46,62,23.1559,2.77707e-06
77,8,68.5848,1.81307e-05
16,38,9.01428,5.3599800000000015e-06
92,3,76.8894,4.05391e-05
34,119,4.8813900000000015,1.9618e-06
563,52,8.22282,1.58719e-06
361,3,46.23,3.22662e-05
3,156,59.6618,1.32559e-05
8,189,38.712,5.45914e-06
18,30,28.615,6.622510000000001e-06
9,149,40.0035,5.39779e-06
37,15,64.4457,1.1985e-05
630,20,6.7217600000000015,3.85405e-06
15,127,28.9696,3.6593800000000004e-06
487,7,16.695999999999998,1.27881e-05
618,861,1.3749799999999999,1.8985e-07
26,5,80.9276,3.65069e-05
225,5,49.4748,1.9353699999999997e-05
6,78,52.7016,9.42332e-06
87,20,54.9139,7.22218e-06
838,121,19.7657,7.5741e-07
18,86,20.1133,3.5561e-06
30,8,74.9471,2.30466e-05
69,40,41.2618,3.86732e-06
10,34,13.2268,7.310739999999999e-06
50,99,9.23605,1.8423599999999999e-06
636,4,100.0,0.0
466,9,14.3794,9.33835e-06
160,22,41.9624,5.28278e-06
888,39,20.0644,2.09621e-06
44,5,79.1135,3.27741e-05
3,3,63.4891,6.717060000000001e-05
87,4,74.1851,3.24399e-05
116,791,14.1929,4.5355800000000004e-07
609,973,0.665047,1.7937899999999995e-07
73,33,46.1953,4.62437e-06
9,258,30.0284,4.34571e-06
166,62,24.519000000000002,1.92112e-06
138,11,53.7965,1.08619e-05
490,9,12.387,9.35153e-06
531,618,4.3922300000000005,2.40682e-07
20,790,13.4523,1.6294e-06
14,144,30.3013,3.72004e-06
30,4,83.0021,4.33171e-05
25,45,20.2108,4.24992e-06
16,8,72.2937,2.519090000000001e-05
38,60,20.4218,2.99881e-06
177,22,39.2981,5.07792e-06
59,4,78.9962,3.67746e-05
322,108,2.80544,9.1524e-07
523,9,9.80471,9.393610000000003e-06
5,49,54.6736,1.23459e-05
37,3,85.0255,5.27752e-05
63,134,6.65787,1.37499e-06
9,492,11.0754,3.3423e-06
107,836,15.3982,4.71252e-07
675,488,8.37946,2.61445e-07
5,27,38.8029,1.37573e-05
69,18,58.9907,8.60748e-06
65,69,24.4479,2.31448e-06
228,240,1.13706,5.60903e-07
4,452,28.3411,6.87878e-06
460,361,6.38397,3.49968e-07
589,149,12.3432,6.476850000000001e-07
534,17,1.12602,4.4125199999999985e-06
28,161,12.3029,2.01725e-06
29,78,1.03652,2.58885e-06
422,31,5.70317,2.61241e-06
106,23,49.9037,5.89335e-06
243,30,26.1786,3.3289300000000013e-06
117,763,13.0714,4.54785e-07
62,29,49.6909,5.49656e-06
90,13,60.5461,1.0856e-05
76,15,60.9051,9.994789999999999e-06
13,72,29.1764,4.92074e-06
80,59,30.3763,2.5352099999999997e-06
16,148,26.8881,3.28765e-06
78,19,56.9707,7.86495e-06
8,4,77.2485,5.05245e-05
740,26,13.6474,3.0522800000000007e-06
17,3,86.0303,6.0119e-05
30,383,1.3146,1.34094e-06
553,147,11.0294,6.58755e-07
513,101,8.3587,9.00865e-07
19,170,21.9261,2.7034500000000003e-06
65,4,77.9902,3.5711e-05
365,106,0.16059,8.882729999999998e-07
842,33,18.245,2.4532499999999998e-06
392,6,27.5766,1.5108e-05
23,5,80.9751,3.7221599999999996e-05
151,3,68.2272,3.44236e-05
96,761,14.509,5.16966e-07
127,100,16.3086,1.3588999999999998e-06
3,23,53.1424,2.14223e-05
5,67,56.7457,1.14691e-05
16,13,60.2043,1.5637899999999998e-05
191,7,49.8488,1.46332e-05
18,121,23.7656,3.1906700000000002e-06
12,737,6.49841,2.40414e-06
226,6,46.6509,1.61051e-05
160,102,15.2352,1.23594e-06
439,347,5.80081,3.62699e-07
21,10,70.1074,1.96342e-05
146,460,6.9122600000000025,4.854890000000001e-07
9,56,37.8641,7.2023199999999985e-06
119,351,6.09248,6.100410000000001e-07
753,11,7.0031300000000005,8.27915e-06
840,986,2.80697,1.61234e-07
480,5,23.88300000000001,1.94685e-05
49,4,80.5831,3.8748e-05
369,902,4.2111,2.29157e-07
734,139,16.9026,6.76708e-07
78,3,79.0743,4.28629e-05
365,10,22.6041,8.4526e-06
641,792,3.05058,1.97593e-07
11,14,47.6693,1.50254e-05
99,9,63.2059,1.48806e-05
3,223,53.1327,1.1497899999999999e-05
382,5,31.9537,1.86727e-05
34,374,0.292486,1.22955e-06
16,5,80.0493,3.90367e-05
110,94,17.822,1.4987700000000004e-06
677,26,10.8929,3.00637e-06
56,3,82.4459,4.749e-05
202,9,45.1407,1.12834e-05
12,177,31.7221,3.9438300000000015e-06
7,189,41.1758,6.120840000000003e-06
91,21,53.5203,6.7851699999999994e-06
19,276,15.3463,2.23362e-06
181,49,27.2285,2.32821e-06
389,103,1.23508,9.01892e-07
19,14,60.8915,1.4237000000000001e-05
308,4,43.7378,2.36372e-05
11,351,18.4299,3.2179e-06
87,820,16.4335,5.43348e-07
4,663,16.1392,6.18146e-06
4,11,9.30529,2.02075e-05
94,439,7.64845,6.25028e-07
54,54,30.9168,3.05101e-06
8,3,81.788,6.43802e-05
232,19,32.5555,5.2441099999999985e-06
187,86,16.4149,1.3627700000000001e-06
174,75,20.0928,1.5831700000000004e-06
268,44,18.7288,2.2269e-06
515,8,12.268,1.08834e-05
3,525,30.7213,8.345269999999999e-06
240,112,8.28767,9.85899e-07
99,420,7.16113,6.20988e-07
220,71,17.1522,1.5295e-06
148,859,13.2318,3.80146e-07
577,18,2.56331,4.19933e-06
74,58,30.548000000000002,2.63049e-06
65,61,28.3322,2.5970599999999994e-06
5,7,49.2948,3.1084e-05
96,118,12.0912,1.29579e-06
8,34,26.0188,8.84762e-06
11,27,9.3739,7.77832e-06
77,42,40.1429,3.5818599999999997e-06
423,7,22.0714,1.26183e-05
761,3,100.0,0.0
7,119,47.521,7.256469999999999e-06
3,83,66.3027,1.64381e-05
8,258,32.0691,4.80695e-06
21,23,45.91,8.48855e-06
9,16,32.4287,1.3334e-05
856,6,100.0,0.0
79,20,55.9668,7.448239999999999e-06
249,717,5.26585,3.0286300000000003e-07
5,57,56.0575,1.1932e-05
19,89,18.9242,3.37006e-06
979,13,16.4815,7.947860000000001e-06
4,282,41.9417,8.29369e-06
17,671,7.66282,1.85988e-06
10,243,29.5192,4.06884e-06
139,10,54.66,1.18498e-05
236,8,41.4352,1.19487e-05
6,654,8.18447,4.28728e-06
70,59,30.0064,2.6276e-06
110,17,53.5889,7.805119999999999e-06
32,302,5.00702,1.41107e-06
13,40,6.99061,5.683110000000001e-06
393,4,35.8817,2.4213699999999998e-05
148,9,54.1948,1.27608e-05
13,217,26.9624,3.4005000000000007e-06
4,66,61.5454,1.38805e-05
215,87,14.3443,1.28178e-06
8,6,68.4515,3.50666e-05
917,354,16.1826,3.1317e-07
31,47,25.3231,3.92173e-06
4,407,31.563000000000002,7.15732e-06
48,8,73.3576,2.08357e-05
5,69,56.8434,1.1383e-05
167,279,2.78486,5.840350000000001e-07
616,689,4.72306,2.16751e-07
665,9,0.379802,9.81889e-06
278,76,10.8256,1.3197e-06
51,71,20.1379,2.39845e-06
780,33,16.2155,2.43018e-06
4,9,24.4243,2.46103e-05
3,632,25.2183,8.13576e-06
23,44,18.2533,4.40775e-06
721,80,16.3429,1.0890100000000001e-06
14,54,17.7967,4.9817900000000005e-06
5,46,53.8311,1.2510899999999999e-05
254,5,45.6963,1.89278e-05
38,18,60.5865,9.92669e-06
14,33,10.4421,6.2332500000000025e-06
273,23,24.9329,4.09553e-06
301,284,1.52455,4.56955e-07
391,20,12.4309,4.0808e-06
742,801,3.82334,1.87243e-07
125,6,62.8232,1.98259e-05
30,355,2.90699,1.38642e-06
26,353,5.11435,1.5557399999999996e-06
33,343,2.26978,1.30425e-06
192,336,2.94119,4.93733e-07
17,8,72.833,2.50206e-05
175,179,5.30318,7.61898e-07
218,297,0.683538,4.98387e-07
47,102,6.916760000000001,1.83446e-06
626,532,6.90637,2.51756e-07
84,45,38.0804,3.26526e-06
247,62,16.5385,1.66207e-06
3,870,15.854000000000001,8.427289999999999e-06
570,213,11.8338,4.9253e-07
80,252,4.39616,8.67856e-07
7,209,39.1546,5.87655e-06
44,6,77.2189,2.7805300000000013e-05
903,23,18.4824,3.67852e-06
46,745,16.3246,8.74164e-07
211,62,20.0951,1.76108e-06
121,4,68.3814,2.88345e-05
6,298,33.1855,5.78489e-06
5,181,47.9495,8.27223e-06
280,193,0.5516439999999999,6.04933e-07
17,6,77.7378,3.2816e-05
12,826,9.78046,2.39956e-06
7,739,1.25601,3.6056099999999997e-06
46,3,83.8752,5.00955e-05
86,40,40.9301,3.64541e-06
147,17,47.2618,6.9973399999999985e-06
119,36,40.196,3.64716e-06
86,45,38.0925,3.24356e-06
84,6,70.3658,2.2936e-05
6,74,52.7331,9.55983e-06
12,66,30.3697,5.3897400000000005e-06
34,406,1.4978200000000002,1.20435e-06
471,3,352.44199999999995,3.4481100000000004e-05
15,156,28.1172,3.40657e-06
6,167,46.1411,7.32671e-06
454,154,6.9869600000000025,6.47622e-07
59,3,81.9993,4.67764e-05
808,45,18.0842,1.82216e-06
281,16,27.4569,5.723830000000001e-06
4,129,57.1915,1.13132e-05
60,417,6.12421,8.31138e-07
25,7,76.7499,2.69618e-05
21,6,78.5465,3.1940900000000004e-05
204,786,9.11361,3.24143e-07
11,3,84.4039,6.28636e-05
575,42,7.9188,1.91573e-06
5,15,0.600228,1.4806400000000001e-05
6,459,20.0846,4.86217e-06
17,810,12.6899,1.84255e-06
35,8,74.72800000000002,2.2384e-05
371,530,1.16622,2.93561e-07
196,70,19.6754,1.61494e-06
26,77,2.62003,2.7726999999999997e-06
78,9,67.071,1.61672e-05
582,11,2.6475400000000002,7.35692e-06
16,29,25.406,6.9512199999999985e-06
49,357,2.59904,9.85517e-07
86,855,17.1011,5.43975e-07
10,23,14.767000000000001,9.18918e-06
462,249,8.313130000000001,4.53697e-07
27,167,13.165,2.04927e-06
777,4,100.0,0.0
251,23,27.894000000000002,4.23497e-06
20,57,2.02348,3.69787e-06
727,350,12.4575,3.2493099999999996e-07
9,21,14.6053,1.01482e-05
177,12,46.051,9.058300000000001e-06
868,382,14.9749,2.98748e-07
19,49,3.2985900000000004,4.14665e-06
13,610,1.55808,2.2773500000000003e-06
294,274,1.64747,4.7272100000000004e-07
27,128,12.0909,2.26108e-06
89,33,45.1459,4.36853e-06
177,8,50.5338,1.32759e-05
100,210,4.5784199999999995,8.59993e-07
853,766,5.70321,1.85158e-07
27,6,78.7725,3.07344e-05
28,25,48.5856,7.4873300000000015e-06
14,368,13.2715,2.5647500000000003e-06
58,50,33.873000000000005,3.23563e-06
3,178,57.4701,1.25883e-05
10,64,36.5682,6.3626e-06
167,659,9.70342,3.88847e-07
783,715,6.61188,1.99162e-07
991,21,20.2708,4.25594e-06
702,3,100.0,0.0
16,3,85.926,6.05533e-05
92,612,11.6739,5.66033e-07
345,770,2.99998,2.52408e-07
776,38,16.5741,2.12545e-06
3,18,43.06100000000001,2.20729e-05
522,76,7.46098,1.14186e-06
232,102,10.325999999999999,1.0840700000000002e-06
132,7,59.8349,1.68578e-05
4,430,29.8891,7.0083300000000016e-06
10,149,37.7289,4.9245800000000005e-06
126,39,37.9089,3.3081400000000012e-06
265,140,4.04033,7.90134e-07
3,130,62.2194,1.4193299999999993e-05
945,279,18.4953,3.74203e-07
7,198,40.2829,6.00729e-06
523,309,9.56564,3.80877e-07
42,428,4.13467,1.03262e-06
18,94,21.6294,3.45985e-06
252,27,26.0693,3.6281300000000004e-06
3,517,31.172,8.376169999999999e-06
87,169,5.37817,1.03631e-06
217,3,59.9576,3.1935e-05
14,353,14.4147,2.60991e-06
5,98,55.7598,1.03039e-05
3,318,44.7775,9.95618e-06
898,12,13.3868,8.332050000000001e-06
565,6,526.3009999999998,1.61864e-05
367,271,4.574,4.49602e-07
53,49,33.593,3.3665699999999997e-06
186,12,44.5558,8.87815e-06
10,29,2.53442,7.527839999999999e-06
93,276,4.04022,7.68847e-07
856,186,18.9625,5.24871e-07
72,243,3.00798,9.2854e-07
6,13,23.3735,1.68285e-05
11,65,33.3059,5.83481e-06
788,369,13.9735,3.1174e-07
4,487,26.0049,6.69701e-06
259,379,0.232413,4.0420200000000004e-07
631,66,12.4421,1.28941e-06
18,790,12.5487,1.76577e-06
172,102,14.0399,1.20437e-06
320,225,2.65579,5.25872e-07
54,3,82.7367,4.79824e-05
102,985,18.4466,4.67638e-07
30,16,62.2571,1.16641e-05
90,8,66.1884,1.71876e-05
416,892,3.0562400000000003,2.17787e-07
72,5,74.4713,2.84462e-05
200,335,1.86497,4.83202e-07
208,11,41.9538,9.21816e-06
35,17,61.6198,1.0681099999999997e-05
102,3,75.3527,3.91197e-05
45,581,11.2902,9.27842e-07
9,147,40.2266,5.424119999999998e-06
7,14,27.3751,1.54969e-05
17,225,20.9729,2.66461e-06
37,402,2.26948,1.14321e-06
540,92,9.34907,9.71887e-07
143,380,4.74659,5.30954e-07
36,176,6.33,1.61463e-06
39,24,53.5303,7.37279e-06
5,101,55.5716,1.02058e-05
19,4,83.2533,4.65596e-05
9,244,31.2889,4.44751e-06
44,337,0.681843,1.06794e-06
526,976,1.6282,1.89196e-07
12,284,22.6509,3.25983e-06
172,12,46.8907,9.16293e-06
270,4,47.8169,2.36999e-05
3,238,51.7251,1.11972e-05
357,49,8.11486,1.8068e-06
179,574,7.125210000000001,3.9671599999999996e-07
4,724,13.3217,6.13901e-06
116,116,12.5973,1.22824e-06
47,957,21.0082,8.30804e-07
5,48,54.44,1.23999e-05
88,222,4.35026,8.84058e-07
423,135,5.05047,7.2491e-07
53,660,14.0661,8.067409999999998e-07
238,55,19.2155,1.88632e-06
834,3,100.0,0.0
206,27,32.4559,3.9285699999999996e-06
10,139,38.4341,5.0463300000000015e-06
119,18,51.2874,7.17648e-06
4,81,61.1179,1.31356e-05
532,15,2.56466,5.07562e-06
182,132,8.8717,9.50441e-07
105,414,6.8002899999999995,6.04842e-07
11,194,32.2679,4.10461e-06
18,391,7.6693,2.01974e-06
94,16,57.1147,8.75097e-06
10,168,36.2689,4.7127199999999995e-06
671,11,2.93795,7.72147e-06
131,5,63.8951,2.29735e-05
21,347,8.46205,1.86682e-06
15,39,3.6684400000000004,5.288969999999998e-06
112,10,59.6162,1.28769e-05
7,20,0.762065,1.0855799999999999e-05
348,4,39.842,2.38044e-05
3,232,52.2841,1.1314200000000001e-05
4,147,55.3861,1.07807e-05
50,35,44.1944,4.77415e-06
310,987,6.7749,2.38919e-07
56,16,62.3922,1.024e-05
38,30,46.5559,5.90146e-06
12,51,22.963,5.749790000000001e-06
510,43,3.91714,1.86958e-06
7,971,7.35721,3.68958e-06
188,492,5.04622,4.14025e-07
28,235,10.4814,1.73793e-06
22,759,13.1848,1.51814e-06
269,26,24.2486,3.66587e-06
29,367,2.8651,1.40355e-06
165,6,55.9352,1.78466e-05
514,667,2.58365,2.32031e-07
216,4,54.3513,2.43427e-05
810,52,18.4602,1.59798e-06
219,61,19.6222,1.76565e-06
852,6,100.0,0.0
441,12,12.7947,6.6950199999999974e-06
259,45,19.5366,2.20848e-06
525,309,9.57996,3.80375e-07
4,16,21.2765,1.77154e-05
9,557,6.90687,3.18926e-06
114,9,60.4003,1.41226e-05
468,314,7.75928,3.85513e-07
28,708,13.2504,1.27382e-06
41,50,29.1027,3.4869300000000017e-06
165,13,47.2215,8.63675e-06
190,34,31.7995,3.2492500000000007e-06
75,18,58.1644,8.394680000000001e-06
290,302,1.7358200000000001,4.4724600000000003e-07
652,50,12.5382,1.64752e-06
103,373,5.4791099999999995,6.34982e-07
145,26,42.0844,4.6666500000000005e-06
3,201,55.2302,1.19915e-05
464,45,0.7274079999999999,1.7928e-06
274,26,23.6042,3.6389099999999994e-06
43,14,65.6538,1.24482e-05
5,8,42.9056,2.73579e-05
435,5,27.3744,1.90246e-05
77,513,9.35374,6.69088e-07
851,107,20.0604,8.42064e-07
3,236,51.9152,1.1235999999999999e-05
26,3,86.0409,5.65414e-05
294,12,28.7903,7.434889999999997e-06
925,77,21.8521,1.12453e-06
25,91,9.428980000000001,2.70462e-06
3,70,67.0214,1.72361e-05
70,5,74.8175,2.87067e-05
16,166,25.9849,3.15161e-06
687,166,15.5067,5.867660000000001e-07
8,761,1.96167,3.23715e-06
243,608,4.5083400000000005,3.31702e-07
727,129,16.7151,7.20603e-07
3,498,32.2759,8.459310000000001e-06
3,38,64.6897,1.97763e-05
667,999,0.698693,1.71288e-07
783,4,100.0,0.0
220,981,10.5941,2.8868999999999997e-07
3,950,13.3639,8.59635e-06
18,9,70.9992,2.2184699999999998e-05
936,21,18.8946,4.1536500000000005e-06
783,14,10.9205,6.27028e-06
42,4,81.6155,4.02984e-05
63,3,81.3974,4.5868599999999997e-05
68,8,70.2005,1.88718e-05
30,48,23.3469,3.86659e-06
986,623,11.4883,2.07956e-07
119,690,11.9329,4.66165e-07
163,116,12.285,1.09672e-06
244,101,9.36502,1.07265e-06
6,99,52.0811,8.79154e-06
257,4,49.3064,2.3784400000000002e-05
56,7,73.6957,2.264e-05
173,89,16.9368,1.3555799999999999e-06
12,53,24.3437,5.69719e-06
716,22,11.675999999999998,3.6027899999999998e-06
14,3,85.5393,6.14476e-05
41,93,6.4760599999999995,2.05005e-06
76,5,73.7529,2.79455e-05
861,267,17.4423,3.91997e-07
53,61,26.0662,2.73057e-06
6,354,28.2391,5.390369999999999e-06
40,19,59.4227,9.30421e-06
10,206,32.9537,4.35271e-06
169,3,65.8232,3.34223e-05
5,6,55.7179,3.59322e-05
27,170,13.2138,2.03549e-06
27,22,52.3294,8.577080000000003e-06
12,11,59.4838,1.89855e-05
362,5,33.8303,1.85943e-05
59,61,27.4546,2.66117e-06
130,14,52.5002,8.8392e-06
7,11,41.4308,1.9712e-05
568,84,10.3446,1.04829e-06
56,43,38.5266,3.78741e-06
866,10,621.42,9.31501e-06
64,203,2.10257,1.0714200000000002e-06
8,24,4.10629,9.37539e-06
6,33,38.8102,1.14e-05
728,341,13.463,3.3422800000000005e-07
270,124,5.124619999999998,8.67883e-07
356,295,3.76712,4.26672e-07
144,239,3.78967,6.826130000000001e-07
42,48,31.29,3.6151300000000003e-06
45,411,4.00643,9.98968e-07
6,263,36.5245,6.0918600000000015e-06
3,48,66.6743,1.887e-05
13,220,26.7598,3.38106e-06
4,269,43.1462,8.455700000000001e-06
699,382,12.425999999999998,3.09889e-07
396,7,24.5723,1.25978e-05
383,218,4.6405400000000006,5.13771e-07
280,62,13.2856,1.58714e-06
159,97,15.6172,1.29261e-06
87,16,58.2133,8.98454e-06
129,7,60.37600000000001,1.7008299999999998e-05
5,457,23.5333,5.6831e-06
275,4,47.2578,2.36773e-05
526,3,334.702,3.64982e-05
